year,html,js,ruby,objc,swift,haskell
2011,0.25,0.5,0.25,0,0,0
2011.5,0.25,0.5,0.25,0,0,0
2013,0.333333,0.333333,0.333333,0,0,0
2013.5,0.333333,0.333333,0.333333,0,0,0
2014,0.25,0.3,0.216666,0,0.233333,0
2014.5,0.25,0.3,0.216666,0,0.233333,0
2015,0.1,0.35,0.15,0,0.4,0
2015.5,0.1,0.35,0.15,0,0.4,0
2016,0.1,0.1,0.1,0,0.5,0.2
2016.5,0.1,0.1,0.1,0,0.5,0.2